{"cameraMode":{"drawMode":0,"name":"Shaded","section":"Shading Mode"},"sceneLighting":false,"audioPlay":false,"sceneViewState":{"showFog":true,"showMaterialUpdate":false,"showSkybox":false,"showFlares":true,"showImageEffects":true,"showParticleSystems":true},"in2DMode":false,"pivot":{"x":4.0836100578308109,"y":-16.84062385559082,"z":-20.66366958618164},"rotation":{"x":-0.3228682279586792,"y":-0.016470059752464296,"z":0.005619133356958628,"w":-0.9462844729423523},"size":46.96659469604492,"orthographic":false}