{"cameraMode":{"drawMode":0,"name":"Shaded","section":"Shading Mode"},"sceneLighting":false,"audioPlay":false,"sceneViewState":{"showFog":true,"showMaterialUpdate":false,"showSkybox":false,"showFlares":true,"showImageEffects":true,"showParticleSystems":true},"in2DMode":false,"pivot":{"x":-1.1697564125061036,"y":-19.712820053100587,"z":-53.60148239135742},"rotation":{"x":0.003760024206712842,"y":0.99486243724823,"z":-0.0927899032831192,"w":0.0403139553964138},"size":46.976661682128909,"orthographic":false}