{"cameraMode":{"drawMode":0,"name":"Shaded","section":"Shading Mode"},"sceneLighting":false,"audioPlay":false,"sceneViewState":{"showFog":true,"showMaterialUpdate":false,"showSkybox":false,"showFlares":true,"showImageEffects":true,"showParticleSystems":true},"in2DMode":false,"pivot":{"x":-1.172253131866455,"y":-19.8815860748291,"z":-53.569828033447269},"rotation":{"x":0.003760024206712842,"y":0.99486243724823,"z":-0.0927899032831192,"w":0.0403139553964138},"size":44.372108459472659,"orthographic":false}