{"cameraMode":{"drawMode":0,"name":"Shaded","section":"Shading Mode"},"sceneLighting":false,"audioPlay":false,"sceneViewState":{"showFog":true,"showMaterialUpdate":false,"showSkybox":false,"showFlares":true,"showImageEffects":true,"showParticleSystems":true},"in2DMode":false,"pivot":{"x":52.511863708496097,"y":-72.25528717041016,"z":20.241363525390626},"rotation":{"x":-0.24234335124492646,"y":-0.23243649303913117,"z":0.059923190623521808,"w":-0.9400303363800049},"size":71.19470977783203,"orthographic":false}