{"cameraMode":{"drawMode":0,"name":"Shaded","section":"Shading Mode"},"sceneLighting":false,"audioPlay":false,"sceneViewState":{"showFog":true,"showMaterialUpdate":false,"showSkybox":false,"showFlares":true,"showImageEffects":true,"showParticleSystems":true},"in2DMode":false,"pivot":{"x":0.0,"y":0.6134139895439148,"z":-0.051611870527267459},"rotation":{"x":-0.27768194675445559,"y":0.07684392482042313,"z":-0.022289453074336053,"w":-0.9573362469673157},"size":0.9221469163894653,"orthographic":false}